{
    "map" : "Map",
    "find" : "Find",
    "species_name" : "Species Name",
    "species" : "Species",
    "specie" : "Specie",
    "date_filter" : "Date Filter",
    "date_selection_type" : "Date Selection Type",
    "exact_date" : "Exact Date",
    "period_of_months" : "Period of months",
    "period_between_dates" : "Period between dates",
    "gender" : "Gender",
    "from" : "From",
    "to" : "To",
    "gender_type" : "Gender Type",
    "January" : "January",
    "February" : "February",
    "March" : "March",
    "April" : "April",
    "May" : "May",
    "June" : "June",
    "July" : "July",
    "August" : "August",
    "September" : "September",
    "October" : "October",
    "November" : "November",
    "December" : "December",
    "number" : "Number",
    "date" : "Date",
    "location" : "Location",
    "country_group_code" : "Country group code",
    "corpse" : "Corpse",
    "spatial_filter" : "Spatial Filter",
    "login" : "Login",
    "more_info" : "More info...",
    "obm_identity" :  "Obm identity", 
    "clear_filter" : "Clear Filter",
    "error_login_title":"Incorrect login!",
    "error_login_message":"Username or password is incorrect",
    "cancel": "Cancel",
    "success_login": "Successful login!",
    "password": "Password",
    "none": "None",
    "users": "Users",
    "type":"Type",
    "options": "Options",
    "not_found": "Not Found",
    "add_observation": "Add observation",
    "create_country": "Create Country",
    "incorrect_country_name": "Incorrect country name!",
    "error_country_message":"Country name is not valid or already exists.",
    "success_country_message": "Country created successfully!",
    "first_name": "Firstname",
    "last_name": "Lastname",
    "email": "Email",
    "date_of_birth": "Date of birth",
    "scientist": "Scientist",
    "delete": "Delete",
    "Once deleted it cannot be recovered":"Once deleted it cannot be recovered",
    "deleting_item" : "Deleting a {{item}}",
    "are_you_sure_delete":"Are you sure you want to delete {{item}} with id: {{id}}?",
    "countries" : "Countries",
    "dashboard" : "Dashboard",
    "add_observation" : "Add observation"
}
