{
    "map": "Térkép",
    "find": "Szűrés",
    "species_name": "Fajnév",
    "species": "Fajnév",
    "specie": "Fajnév",
    "date_filter": "Dátum szerinti szűrés",
    "date_selection_type": "Dátum kiválasztási opciók",
    "exact_date": "Pontos dátum",
    "period_of_months": "Hónapok közti intervallum",
    "period_between_dates": "Két dátum közti intervallum",
    "gender": "Nem",
    "from": "Kezdeti időpont",
    "to": "Végső időpont",
    "gender_type": "Nem tipus",
    "January": "Január",
    "February": "Február",
    "March": "Március",
    "April": "Április",
    "May": "Május",
    "June": "Június",
    "July": "Július",
    "August": "Augusztus",
    "September": "Szeptember",
    "October": "Október",
    "November": "November",
    "December": "December",
    "number": "Darabszám",
    "date": "Dátum",
    "location": "Elhelyezkedés",
    "country_group_code": "Ország csoport kód",
    "corpse": "Tetem",
    "spatial_filter": "Terület szűrés",
    "login": "Bejelentkezés",
    "more_info": "További információk...",
    "obm_identity": "Obm identity",
    "clear_filter": "Szűrő törlése",
    "first_name": "Vezetéknév",
    "last_name": "Keresztnév",
    "email": "Email-cím",
    "date_of_birth": "Születési dátum",
    "scientist": "Tudós",
    "countries" : "Országok",
    "dashboard" : "Vezérlőpult",
    "create_country" : "Ország létrehozása",
    "add_observation" : "Megfigyelés hozzáadása",
    "users" : "Felhasználók"
}
